{
  "version": "6",
  "dialect": "sqlite",
  "id": "4f6d5aec-5af6-4247-881c-f7cd4786aac6",
  "prevId": "00000000-0000-0000-0000-000000000000",
  "tables": {
    "reaction": {
      "name": "reaction",
      "columns": {
        "id": {
          "name": "id",
          "type": "integer",
          "primaryKey": true,
          "notNull": true,
          "autoincrement": false
        },
        "slug": {
          "name": "slug",
          "type": "text",
          "primaryKey": false,
          "notNull": true,
          "autoincrement": false
        },
        "created_at": {
          "name": "created_at",
          "type": "integer",
          "primaryKey": false,
          "notNull": false,
          "autoincrement": false,
          "default": "'\"2024-06-22T05:53:38.152Z\"'"
        },
        "reaction_type": {
          "name": "reaction_type",
          "type": "text",
          "primaryKey": false,
          "notNull": true,
          "autoincrement": false
        }
      },
      "indexes": {},
      "foreignKeys": {},
      "compositePrimaryKeys": {},
      "uniqueConstraints": {}
    }
  },
  "enums": {},
  "_meta": {
    "schemas": {},
    "tables": {},
    "columns": {}
  },
  "internal": {
    "indexes": {}
  }
}