{
  "version": "6",
  "dialect": "sqlite",
  "id": "3a180485-3664-48bc-958a-b7fbd7f5f060",
  "prevId": "b80c80d8-2544-43c9-aace-3d5554c9a2ba",
  "tables": {
    "reaction": {
      "name": "reaction",
      "columns": {
        "id": {
          "name": "id",
          "type": "integer",
          "primaryKey": true,
          "notNull": true,
          "autoincrement": false
        },
        "slug": {
          "name": "slug",
          "type": "text",
          "primaryKey": false,
          "notNull": true,
          "autoincrement": false
        },
        "created_at": {
          "name": "created_at",
          "type": "integer",
          "primaryKey": false,
          "notNull": false,
          "autoincrement": false,
          "default": "'\"2024-07-04T19:15:00.239Z\"'"
        },
        "reaction_type": {
          "name": "reaction_type",
          "type": "text",
          "primaryKey": false,
          "notNull": true,
          "autoincrement": false
        }
      },
      "indexes": {},
      "foreignKeys": {},
      "compositePrimaryKeys": {},
      "uniqueConstraints": {}
    }
  },
  "enums": {},
  "_meta": {
    "schemas": {},
    "tables": {},
    "columns": {}
  },
  "internal": {
    "indexes": {}
  }
}