{
  "version": "7",
  "dialect": "sqlite",
  "entries": [
    {
      "idx": 0,
      "version": "6",
      "when": 1719035618156,
      "tag": "0000_flowery_mikhail_rasputin",
      "breakpoints": true
    },
    {
      "idx": 1,
      "version": "6",
      "when": 1719498790189,
      "tag": "0001_mixed_dexter_bennett",
      "breakpoints": true
    },
    {
      "idx": 2,
      "version": "6",
      "when": 1719499117718,
      "tag": "0002_icy_shotgun",
      "breakpoints": true
    },
    {
      "idx": 3,
      "version": "6",
      "when": 1720120500244,
      "tag": "0003_good_stature",
      "breakpoints": true
    }
  ]
}